"filename", "language", "JSON", "TypeScript", "JavaScript", "Ignore", "JSON with Comments", "Prisma", "MS SQL", "comment", "blank", "total"
"/home/bibek/Projects/Rapid-Room/server/.prettierignore", "Ignore", 0, 0, 0, 3, 0, 0, 0, 0, 0, 3
"/home/bibek/Projects/Rapid-Room/server/.prettierrc", "JSON", 7, 0, 0, 0, 0, 0, 0, 0, 1, 8
"/home/bibek/Projects/Rapid-Room/server/dist/app.d.ts", "TypeScript", 0, 4, 0, 0, 0, 0, 0, 0, 1, 5
"/home/bibek/Projects/Rapid-Room/server/dist/app.js", "JavaScript", 0, 0, 63, 0, 0, 0, 0, 11, 1, 75
"/home/bibek/Projects/Rapid-Room/server/dist/config/passport.d.ts", "TypeScript", 0, 2, 0, 0, 0, 0, 0, 0, 1, 3
"/home/bibek/Projects/Rapid-Room/server/dist/config/passport.js", "JavaScript", 0, 0, 85, 0, 0, 0, 0, 1, 1, 87
"/home/bibek/Projects/Rapid-Room/server/dist/controller/addNewHotel.controller.d.ts", "TypeScript", 0, 2, 0, 0, 0, 0, 0, 0, 1, 3
"/home/bibek/Projects/Rapid-Room/server/dist/controller/addNewHotel.controller.js", "JavaScript", 0, 0, 97, 0, 0, 0, 0, 19, 1, 117
"/home/bibek/Projects/Rapid-Room/server/dist/controller/addNewReview.controller.d.ts", "TypeScript", 0, 2, 0, 0, 0, 0, 0, 0, 1, 3
"/home/bibek/Projects/Rapid-Room/server/dist/controller/addNewReview.controller.js", "JavaScript", 0, 0, 69, 0, 0, 0, 0, 6, 1, 76
"/home/bibek/Projects/Rapid-Room/server/dist/controller/addWishlist.controller.d.ts", "TypeScript", 0, 2, 0, 0, 0, 0, 0, 0, 1, 3
"/home/bibek/Projects/Rapid-Room/server/dist/controller/addWishlist.controller.js", "JavaScript", 0, 0, 28, 0, 0, 0, 0, 0, 1, 29
"/home/bibek/Projects/Rapid-Room/server/dist/controller/admin_approveHost.d.ts", "TypeScript", 0, 2, 0, 0, 0, 0, 0, 0, 1, 3
"/home/bibek/Projects/Rapid-Room/server/dist/controller/admin_approveHost.js", "JavaScript", 0, 0, 44, 0, 0, 0, 0, 2, 1, 47
"/home/bibek/Projects/Rapid-Room/server/dist/controller/admin_approveHotel.d.ts", "TypeScript", 0, 3, 0, 0, 0, 0, 0, 0, 1, 4
"/home/bibek/Projects/Rapid-Room/server/dist/controller/admin_approveHotel.js", "JavaScript", 0, 0, 49, 0, 0, 0, 0, 2, 1, 52
"/home/bibek/Projects/Rapid-Room/server/dist/controller/admin_getAllHosts.d.ts", "TypeScript", 0, 2, 0, 0, 0, 0, 0, 0, 1, 3
"/home/bibek/Projects/Rapid-Room/server/dist/controller/admin_getAllHosts.js", "JavaScript", 0, 0, 80, 0, 0, 0, 0, 6, 1, 87
"/home/bibek/Projects/Rapid-Room/server/dist/controller/admin_getAllHotels.d.ts", "TypeScript", 0, 2, 0, 0, 0, 0, 0, 0, 1, 3
"/home/bibek/Projects/Rapid-Room/server/dist/controller/admin_getAllHotels.js", "JavaScript", 0, 0, 63, 0, 0, 0, 0, 1, 1, 65
"/home/bibek/Projects/Rapid-Room/server/dist/controller/admin_getAllPayments.d.ts", "TypeScript", 0, 2, 0, 0, 0, 0, 0, 0, 1, 3
"/home/bibek/Projects/Rapid-Room/server/dist/controller/admin_getAllPayments.js", "JavaScript", 0, 0, 62, 0, 0, 0, 0, 2, 1, 65
"/home/bibek/Projects/Rapid-Room/server/dist/controller/admin_getAllUsers.d.ts", "TypeScript", 0, 2, 0, 0, 0, 0, 0, 0, 1, 3
"/home/bibek/Projects/Rapid-Room/server/dist/controller/admin_getAllUsers.js", "JavaScript", 0, 0, 57, 0, 0, 0, 0, 3, 1, 61
"/home/bibek/Projects/Rapid-Room/server/dist/controller/admin_getAnalysis.d.ts", "TypeScript", 0, 2, 0, 0, 0, 0, 0, 0, 1, 3
"/home/bibek/Projects/Rapid-Room/server/dist/controller/admin_getAnalysis.js", "JavaScript", 0, 0, 102, 0, 0, 0, 0, 3, 1, 106
"/home/bibek/Projects/Rapid-Room/server/dist/controller/admin_paymentDashboard.d.ts", "TypeScript", 0, 2, 0, 0, 0, 0, 0, 0, 1, 3
"/home/bibek/Projects/Rapid-Room/server/dist/controller/admin_paymentDashboard.js", "JavaScript", 0, 0, 51, 0, 0, 0, 0, 2, 1, 54
"/home/bibek/Projects/Rapid-Room/server/dist/controller/admin_rejectHost.d.ts", "TypeScript", 0, 2, 0, 0, 0, 0, 0, 5, 1, 8
"/home/bibek/Projects/Rapid-Room/server/dist/controller/admin_rejectHost.js", "JavaScript", 0, 0, 48, 0, 0, 0, 0, 7, 1, 56
"/home/bibek/Projects/Rapid-Room/server/dist/controller/admin_rejectHotels.d.ts", "TypeScript", 0, 3, 0, 0, 0, 0, 0, 0, 1, 4
"/home/bibek/Projects/Rapid-Room/server/dist/controller/admin_rejectHotels.js", "JavaScript", 0, 0, 53, 0, 0, 0, 0, 2, 1, 56
"/home/bibek/Projects/Rapid-Room/server/dist/controller/cancelReservatin.controller.d.ts", "TypeScript", 0, 2, 0, 0, 0, 0, 0, 0, 1, 3
"/home/bibek/Projects/Rapid-Room/server/dist/controller/cancelReservatin.controller.js", "JavaScript", 0, 0, 69, 0, 0, 0, 0, 15, 1, 85
"/home/bibek/Projects/Rapid-Room/server/dist/controller/createAdmin.controller.d.ts", "TypeScript", 0, 2, 0, 0, 0, 0, 0, 0, 1, 3
"/home/bibek/Projects/Rapid-Room/server/dist/controller/createAdmin.controller.js", "JavaScript", 0, 0, 50, 0, 0, 0, 0, 0, 1, 51
"/home/bibek/Projects/Rapid-Room/server/dist/controller/createReview.controller.d.ts", "TypeScript", 0, 2, 0, 0, 0, 0, 0, 0, 1, 3
"/home/bibek/Projects/Rapid-Room/server/dist/controller/createReview.controller.js", "JavaScript", 0, 0, 37, 0, 0, 0, 0, 2, 1, 40
"/home/bibek/Projects/Rapid-Room/server/dist/controller/deleteHotel.controller.d.ts", "TypeScript", 0, 2, 0, 0, 0, 0, 0, 0, 1, 3
"/home/bibek/Projects/Rapid-Room/server/dist/controller/deleteHotel.controller.js", "JavaScript", 0, 0, 30, 0, 0, 0, 0, 0, 1, 31
"/home/bibek/Projects/Rapid-Room/server/dist/controller/deleteImage.controller.d.ts", "TypeScript", 0, 2, 0, 0, 0, 0, 0, 0, 1, 3
"/home/bibek/Projects/Rapid-Room/server/dist/controller/deleteImage.controller.js", "JavaScript", 0, 0, 31, 0, 0, 0, 0, 4, 1, 36
"/home/bibek/Projects/Rapid-Room/server/dist/controller/deleteReview.controller.d.ts", "TypeScript", 0, 2, 0, 0, 0, 0, 0, 0, 1, 3
"/home/bibek/Projects/Rapid-Room/server/dist/controller/deleteReview.controller.js", "JavaScript", 0, 0, 65, 0, 0, 0, 0, 7, 1, 73
"/home/bibek/Projects/Rapid-Room/server/dist/controller/deleteUser.controller.d.ts", "TypeScript", 0, 1, 0, 0, 0, 0, 0, 0, 1, 2
"/home/bibek/Projects/Rapid-Room/server/dist/controller/deleteUser.controller.js", "JavaScript", 0, 0, 49, 0, 0, 0, 0, 1, 1, 51
"/home/bibek/Projects/Rapid-Room/server/dist/controller/editReview.controller.d.ts", "TypeScript", 0, 2, 0, 0, 0, 0, 0, 0, 1, 3
"/home/bibek/Projects/Rapid-Room/server/dist/controller/editReview.controller.js", "JavaScript", 0, 0, 34, 0, 0, 0, 0, 0, 1, 35
"/home/bibek/Projects/Rapid-Room/server/dist/controller/editUser.controller.d.ts", "TypeScript", 0, 2, 0, 0, 0, 0, 0, 0, 1, 3
"/home/bibek/Projects/Rapid-Room/server/dist/controller/editUser.controller.js", "JavaScript", 0, 0, 98, 0, 0, 0, 0, 5, 1, 104
"/home/bibek/Projects/Rapid-Room/server/dist/controller/getAllHotels.controller.d.ts", "TypeScript", 0, 1, 0, 0, 0, 0, 0, 0, 1, 2
"/home/bibek/Projects/Rapid-Room/server/dist/controller/getAllHotels.controller.js", "JavaScript", 0, 0, 60, 0, 0, 0, 0, 0, 1, 61
"/home/bibek/Projects/Rapid-Room/server/dist/controller/getHostAllReservations.controller.d.ts", "TypeScript", 0, 1, 0, 0, 0, 0, 0, 0, 1, 2
"/home/bibek/Projects/Rapid-Room/server/dist/controller/getHostAllReservations.controller.js", "JavaScript", 0, 0, 59, 0, 0, 0, 0, 1, 1, 61
"/home/bibek/Projects/Rapid-Room/server/dist/controller/getHostEarnings.controller.d.ts", "TypeScript", 0, 1, 0, 0, 0, 0, 0, 0, 1, 2
"/home/bibek/Projects/Rapid-Room/server/dist/controller/getHostEarnings.controller.js", "JavaScript", 0, 0, 68, 0, 0, 0, 0, 0, 1, 69
"/home/bibek/Projects/Rapid-Room/server/dist/controller/getHostHotels.controller.d.ts", "TypeScript", 0, 1, 0, 0, 0, 0, 0, 0, 1, 2
"/home/bibek/Projects/Rapid-Room/server/dist/controller/getHostHotels.controller.js", "JavaScript", 0, 0, 64, 0, 0, 0, 0, 2, 1, 67
"/home/bibek/Projects/Rapid-Room/server/dist/controller/getHostStats.controller.d.ts", "TypeScript", 0, 1, 0, 0, 0, 0, 0, 0, 1, 2
"/home/bibek/Projects/Rapid-Room/server/dist/controller/getHostStats.controller.js", "JavaScript", 0, 0, 98, 0, 0, 0, 0, 0, 1, 99
"/home/bibek/Projects/Rapid-Room/server/dist/controller/getHostTodayCheckin.controller.d.ts", "TypeScript", 0, 1, 0, 0, 0, 0, 0, 0, 1, 2
"/home/bibek/Projects/Rapid-Room/server/dist/controller/getHostTodayCheckin.controller.js", "JavaScript", 0, 0, 112, 0, 0, 0, 0, 3, 1, 116
"/home/bibek/Projects/Rapid-Room/server/dist/controller/getHotelById.controller.d.ts", "TypeScript", 0, 2, 0, 0, 0, 0, 0, 0, 1, 3
"/home/bibek/Projects/Rapid-Room/server/dist/controller/getHotelById.controller.js", "JavaScript", 0, 0, 132, 0, 0, 0, 0, 1, 1, 134
"/home/bibek/Projects/Rapid-Room/server/dist/controller/getMyBookings.controller.d.ts", "TypeScript", 0, 2, 0, 0, 0, 0, 0, 0, 1, 3
"/home/bibek/Projects/Rapid-Room/server/dist/controller/getMyBookings.controller.js", "JavaScript", 0, 0, 81, 0, 0, 0, 0, 0, 1, 82
"/home/bibek/Projects/Rapid-Room/server/dist/controller/getOveralRating.controller.d.ts", "TypeScript", 0, 2, 0, 0, 0, 0, 0, 0, 1, 3
"/home/bibek/Projects/Rapid-Room/server/dist/controller/getOveralRating.controller.js", "JavaScript", 0, 0, 104, 0, 0, 0, 0, 5, 1, 110
"/home/bibek/Projects/Rapid-Room/server/dist/controller/getRazorpayKey.controller.d.ts", "TypeScript", 0, 2, 0, 0, 0, 0, 0, 0, 1, 3
"/home/bibek/Projects/Rapid-Room/server/dist/controller/getRazorpayKey.controller.js", "JavaScript", 0, 0, 8, 0, 0, 0, 0, 0, 1, 9
"/home/bibek/Projects/Rapid-Room/server/dist/controller/getReview.controller.d.ts", "TypeScript", 0, 2, 0, 0, 0, 0, 0, 0, 1, 3
"/home/bibek/Projects/Rapid-Room/server/dist/controller/getReview.controller.js", "JavaScript", 0, 0, 85, 0, 0, 0, 0, 2, 1, 88
"/home/bibek/Projects/Rapid-Room/server/dist/controller/getUserInformation.controller.d.ts", "TypeScript", 0, 2, 0, 0, 0, 0, 0, 0, 1, 3
"/home/bibek/Projects/Rapid-Room/server/dist/controller/getUserInformation.controller.js", "JavaScript", 0, 0, 58, 0, 0, 0, 0, 1, 1, 60
"/home/bibek/Projects/Rapid-Room/server/dist/controller/getWishlists.controller.d.ts", "TypeScript", 0, 2, 0, 0, 0, 0, 0, 0, 1, 3
"/home/bibek/Projects/Rapid-Room/server/dist/controller/getWishlists.controller.js", "JavaScript", 0, 0, 50, 0, 0, 0, 0, 0, 1, 51
"/home/bibek/Projects/Rapid-Room/server/dist/controller/healthCheck.controller.d.ts", "TypeScript", 0, 2, 0, 0, 0, 0, 0, 0, 1, 3
"/home/bibek/Projects/Rapid-Room/server/dist/controller/healthCheck.controller.js", "JavaScript", 0, 0, 14, 0, 0, 0, 0, 0, 1, 15
"/home/bibek/Projects/Rapid-Room/server/dist/controller/payment.controller.d.ts", "TypeScript", 0, 2, 0, 0, 0, 0, 0, 0, 1, 3
"/home/bibek/Projects/Rapid-Room/server/dist/controller/payment.controller.js", "JavaScript", 0, 0, 20, 0, 0, 0, 0, 0, 1, 21
"/home/bibek/Projects/Rapid-Room/server/dist/controller/paymentVerification.controller.d.ts", "TypeScript", 0, 2, 0, 0, 0, 0, 0, 0, 1, 3
"/home/bibek/Projects/Rapid-Room/server/dist/controller/paymentVerification.controller.js", "JavaScript", 0, 0, 75, 0, 0, 0, 0, 11, 1, 87
"/home/bibek/Projects/Rapid-Room/server/dist/controller/publishHotel.controller.d.ts", "TypeScript", 0, 1, 0, 0, 0, 0, 0, 0, 1, 2
"/home/bibek/Projects/Rapid-Room/server/dist/controller/publishHotel.controller.js", "JavaScript", 0, 0, 39, 0, 0, 0, 0, 0, 1, 40
"/home/bibek/Projects/Rapid-Room/server/dist/controller/removeWishlist.controller.d.ts", "TypeScript", 0, 1, 0, 0, 0, 0, 0, 0, 1, 2
"/home/bibek/Projects/Rapid-Room/server/dist/controller/removeWishlist.controller.js", "JavaScript", 0, 0, 25, 0, 0, 0, 0, 0, 1, 26
"/home/bibek/Projects/Rapid-Room/server/dist/controller/reserveHotel.controller.d.ts", "TypeScript", 0, 2, 0, 0, 0, 0, 0, 0, 1, 3
"/home/bibek/Projects/Rapid-Room/server/dist/controller/reserveHotel.controller.js", "JavaScript", 0, 0, 162, 0, 0, 0, 0, 36, 1, 199
"/home/bibek/Projects/Rapid-Room/server/dist/controller/sendOtp.controller.d.ts", "TypeScript", 0, 2, 0, 0, 0, 0, 0, 0, 1, 3
"/home/bibek/Projects/Rapid-Room/server/dist/controller/sendOtp.controller.js", "JavaScript", 0, 0, 49, 0, 0, 0, 0, 9, 1, 59
"/home/bibek/Projects/Rapid-Room/server/dist/controller/setHostReservationpaymentStatusRefunded.controller.d.ts", "TypeScript", 0, 3, 0, 0, 0, 0, 0, 0, 1, 4
"/home/bibek/Projects/Rapid-Room/server/dist/controller/setHostReservationpaymentStatusRefunded.controller.js", "JavaScript", 0, 0, 66, 0, 0, 0, 0, 4, 1, 71
"/home/bibek/Projects/Rapid-Room/server/dist/controller/socialAuth.controller.d.ts", "TypeScript", 0, 2, 0, 0, 0, 0, 0, 0, 1, 3
"/home/bibek/Projects/Rapid-Room/server/dist/controller/socialAuth.controller.js", "JavaScript", 0, 0, 18, 0, 0, 0, 0, 0, 1, 19
"/home/bibek/Projects/Rapid-Room/server/dist/controller/updatePassword.controller.d.ts", "TypeScript", 0, 2, 0, 0, 0, 0, 0, 0, 1, 3
"/home/bibek/Projects/Rapid-Room/server/dist/controller/updatePassword.controller.js", "JavaScript", 0, 0, 72, 0, 0, 0, 0, 9, 1, 82
"/home/bibek/Projects/Rapid-Room/server/dist/controller/uploadImage.controller.d.ts", "TypeScript", 0, 2, 0, 0, 0, 0, 0, 0, 1, 3
"/home/bibek/Projects/Rapid-Room/server/dist/controller/uploadImage.controller.js", "JavaScript", 0, 0, 54, 0, 0, 0, 0, 6, 1, 61
"/home/bibek/Projects/Rapid-Room/server/dist/controller/userLogin.controller.d.ts", "TypeScript", 0, 2, 0, 0, 0, 0, 0, 0, 1, 3
"/home/bibek/Projects/Rapid-Room/server/dist/controller/userLogin.controller.js", "JavaScript", 0, 0, 60, 0, 0, 0, 0, 1, 1, 62
"/home/bibek/Projects/Rapid-Room/server/dist/controller/userLogout.controller.d.ts", "TypeScript", 0, 2, 0, 0, 0, 0, 0, 0, 1, 3
"/home/bibek/Projects/Rapid-Room/server/dist/controller/userLogout.controller.js", "JavaScript", 0, 0, 10, 0, 0, 0, 0, 1, 1, 12
"/home/bibek/Projects/Rapid-Room/server/dist/controller/userSignup.controller.d.ts", "TypeScript", 0, 2, 0, 0, 0, 0, 0, 0, 1, 3
"/home/bibek/Projects/Rapid-Room/server/dist/controller/userSignup.controller.js", "JavaScript", 0, 0, 78, 0, 0, 0, 0, 9, 1, 88
"/home/bibek/Projects/Rapid-Room/server/dist/controller/verifyEmail.controller.d.ts", "TypeScript", 0, 2, 0, 0, 0, 0, 0, 0, 1, 3
"/home/bibek/Projects/Rapid-Room/server/dist/controller/verifyEmail.controller.js", "JavaScript", 0, 0, 65, 0, 0, 0, 0, 7, 1, 73
"/home/bibek/Projects/Rapid-Room/server/dist/db/db.config.d.ts", "TypeScript", 0, 3, 0, 0, 0, 0, 0, 0, 1, 4
"/home/bibek/Projects/Rapid-Room/server/dist/db/db.config.js", "JavaScript", 0, 0, 4, 0, 0, 0, 0, 1, 1, 6
"/home/bibek/Projects/Rapid-Room/server/dist/helper/SendEmail.helper.d.ts", "TypeScript", 0, 7, 0, 0, 0, 0, 0, 0, 1, 8
"/home/bibek/Projects/Rapid-Room/server/dist/helper/SendEmail.helper.js", "JavaScript", 0, 0, 10, 0, 0, 0, 0, 0, 1, 11
"/home/bibek/Projects/Rapid-Room/server/dist/index.d.ts", "TypeScript", 0, 1, 0, 0, 0, 0, 0, 0, 1, 2
"/home/bibek/Projects/Rapid-Room/server/dist/index.js", "JavaScript", 0, 0, 7, 0, 0, 0, 0, 0, 1, 8
"/home/bibek/Projects/Rapid-Room/server/dist/middleware/auth.middleware.d.ts", "TypeScript", 0, 2, 0, 0, 0, 0, 0, 0, 1, 3
"/home/bibek/Projects/Rapid-Room/server/dist/middleware/auth.middleware.js", "JavaScript", 0, 0, 46, 0, 0, 0, 0, 1, 1, 48
"/home/bibek/Projects/Rapid-Room/server/dist/middleware/isAdmin.middleware.d.ts", "TypeScript", 0, 2, 0, 0, 0, 0, 0, 0, 1, 3
"/home/bibek/Projects/Rapid-Room/server/dist/middleware/isAdmin.middleware.js", "JavaScript", 0, 0, 9, 0, 0, 0, 0, 0, 1, 10
"/home/bibek/Projects/Rapid-Room/server/dist/middleware/multer.d.ts", "TypeScript", 0, 2, 0, 0, 0, 0, 0, 0, 1, 3
"/home/bibek/Projects/Rapid-Room/server/dist/middleware/multer.js", "JavaScript", 0, 0, 12, 0, 0, 0, 0, 1, 1, 14
"/home/bibek/Projects/Rapid-Room/server/dist/routes/HostDashboard.routes.d.ts", "TypeScript", 0, 2, 0, 0, 0, 0, 0, 0, 1, 3
"/home/bibek/Projects/Rapid-Room/server/dist/routes/HostDashboard.routes.js", "JavaScript", 0, 0, 17, 0, 0, 0, 0, 0, 1, 18
"/home/bibek/Projects/Rapid-Room/server/dist/routes/Hotels.routes.d.ts", "TypeScript", 0, 2, 0, 0, 0, 0, 0, 0, 1, 3
"/home/bibek/Projects/Rapid-Room/server/dist/routes/Hotels.routes.js", "JavaScript", 0, 0, 20, 0, 0, 0, 0, 0, 1, 21
"/home/bibek/Projects/Rapid-Room/server/dist/routes/admin.routes.d.ts", "TypeScript", 0, 2, 0, 0, 0, 0, 0, 0, 1, 3
"/home/bibek/Projects/Rapid-Room/server/dist/routes/admin.routes.js", "JavaScript", 0, 0, 23, 0, 0, 0, 0, 2, 1, 26
"/home/bibek/Projects/Rapid-Room/server/dist/routes/emailVerification.route.d.ts", "TypeScript", 0, 1, 0, 0, 0, 0, 0, 0, 1, 2
"/home/bibek/Projects/Rapid-Room/server/dist/routes/emailVerification.route.js", "JavaScript", 0, 0, 6, 0, 0, 0, 0, 0, 1, 7
"/home/bibek/Projects/Rapid-Room/server/dist/routes/healthCheck.routes.d.ts", "TypeScript", 0, 2, 0, 0, 0, 0, 0, 0, 1, 3
"/home/bibek/Projects/Rapid-Room/server/dist/routes/healthCheck.routes.js", "JavaScript", 0, 0, 5, 0, 0, 0, 0, 0, 1, 6
"/home/bibek/Projects/Rapid-Room/server/dist/routes/payment.routes.d.ts", "TypeScript", 0, 2, 0, 0, 0, 0, 0, 0, 1, 3
"/home/bibek/Projects/Rapid-Room/server/dist/routes/payment.routes.js", "JavaScript", 0, 0, 8, 0, 0, 0, 0, 0, 1, 9
"/home/bibek/Projects/Rapid-Room/server/dist/routes/razorpay.routes.d.ts", "TypeScript", 0, 2, 0, 0, 0, 0, 0, 0, 1, 3
"/home/bibek/Projects/Rapid-Room/server/dist/routes/razorpay.routes.js", "JavaScript", 0, 0, 5, 0, 0, 0, 0, 0, 1, 6
"/home/bibek/Projects/Rapid-Room/server/dist/routes/review.routes.d.ts", "TypeScript", 0, 2, 0, 0, 0, 0, 0, 0, 1, 3
"/home/bibek/Projects/Rapid-Room/server/dist/routes/review.routes.js", "JavaScript", 0, 0, 14, 0, 0, 0, 0, 0, 1, 15
"/home/bibek/Projects/Rapid-Room/server/dist/routes/socialAuth.routes.d.ts", "TypeScript", 0, 2, 0, 0, 0, 0, 0, 0, 1, 3
"/home/bibek/Projects/Rapid-Room/server/dist/routes/socialAuth.routes.js", "JavaScript", 0, 0, 9, 0, 0, 0, 0, 0, 1, 10
"/home/bibek/Projects/Rapid-Room/server/dist/routes/upload.routes.d.ts", "TypeScript", 0, 2, 0, 0, 0, 0, 0, 0, 1, 3
"/home/bibek/Projects/Rapid-Room/server/dist/routes/upload.routes.js", "JavaScript", 0, 0, 8, 0, 0, 0, 0, 0, 1, 9
"/home/bibek/Projects/Rapid-Room/server/dist/routes/user.routes.d.ts", "TypeScript", 0, 2, 0, 0, 0, 0, 0, 0, 1, 3
"/home/bibek/Projects/Rapid-Room/server/dist/routes/user.routes.js", "JavaScript", 0, 0, 32, 0, 0, 0, 0, 1, 1, 34
"/home/bibek/Projects/Rapid-Room/server/dist/routes/wishlist.routes.d.ts", "TypeScript", 0, 2, 0, 0, 0, 0, 0, 0, 1, 3
"/home/bibek/Projects/Rapid-Room/server/dist/routes/wishlist.routes.js", "JavaScript", 0, 0, 10, 0, 0, 0, 0, 0, 1, 11
"/home/bibek/Projects/Rapid-Room/server/dist/utils/ApiError.d.ts", "TypeScript", 0, 8, 0, 0, 0, 0, 0, 0, 1, 9
"/home/bibek/Projects/Rapid-Room/server/dist/utils/ApiError.js", "JavaScript", 0, 0, 14, 0, 0, 0, 0, 0, 1, 15
"/home/bibek/Projects/Rapid-Room/server/dist/utils/ApiResponse.d.ts", "TypeScript", 0, 8, 0, 0, 0, 0, 0, 0, 1, 9
"/home/bibek/Projects/Rapid-Room/server/dist/utils/ApiResponse.js", "JavaScript", 0, 0, 15, 0, 0, 0, 0, 0, 1, 16
"/home/bibek/Projects/Rapid-Room/server/dist/utils/Logger.d.ts", "TypeScript", 0, 2, 0, 0, 0, 0, 0, 0, 1, 3
"/home/bibek/Projects/Rapid-Room/server/dist/utils/Logger.js", "JavaScript", 0, 0, 16, 0, 0, 0, 0, 2, 1, 19
"/home/bibek/Projects/Rapid-Room/server/dist/utils/NodemailerSetup.d.ts", "TypeScript", 0, 2, 0, 0, 0, 0, 0, 0, 1, 3
"/home/bibek/Projects/Rapid-Room/server/dist/utils/NodemailerSetup.js", "JavaScript", 0, 0, 11, 0, 0, 0, 0, 0, 1, 12
"/home/bibek/Projects/Rapid-Room/server/dist/utils/cloudinaryImageHandel.d.ts", "TypeScript", 0, 2, 0, 0, 0, 0, 0, 0, 1, 3
"/home/bibek/Projects/Rapid-Room/server/dist/utils/cloudinaryImageHandel.js", "JavaScript", 0, 0, 42, 0, 0, 0, 0, 0, 1, 43
"/home/bibek/Projects/Rapid-Room/server/package-lock.json", "JSON", 3637, 0, 0, 0, 0, 0, 0, 0, 1, 3638
"/home/bibek/Projects/Rapid-Room/server/package.json", "JSON", 53, 0, 0, 0, 0, 0, 0, 0, 1, 54
"/home/bibek/Projects/Rapid-Room/server/prisma/migrations/20250117141352_init/migration.sql", "MS SQL", 0, 0, 0, 0, 0, 0, 87, 22, 30, 139
"/home/bibek/Projects/Rapid-Room/server/prisma/migrations/20250121133508_init/migration.sql", "MS SQL", 0, 0, 0, 0, 0, 0, 35, 35, 27, 97
"/home/bibek/Projects/Rapid-Room/server/prisma/migrations/20250121161948_payment_added/migration.sql", "MS SQL", 0, 0, 0, 0, 0, 0, 28, 19, 15, 62
"/home/bibek/Projects/Rapid-Room/server/prisma/migrations/20250121163740_payment_added/migration.sql", "MS SQL", 0, 0, 0, 0, 0, 0, 6, 12, 5, 23
"/home/bibek/Projects/Rapid-Room/server/prisma/migrations/20250121181957_update_foreservation/migration.sql", "MS SQL", 0, 0, 0, 0, 0, 0, 5, 11, 2, 18
"/home/bibek/Projects/Rapid-Room/server/prisma/migrations/20250129084935_added_longitude_latitude_and_unique_in_review/migration.sql", "MS SQL", 0, 0, 0, 0, 0, 0, 3, 8, 2, 13
"/home/bibek/Projects/Rapid-Room/server/prisma/migrations/20250206011312_hotel_change/migration.sql", "MS SQL", 0, 0, 0, 0, 0, 0, 32, 20, 6, 58
"/home/bibek/Projects/Rapid-Room/server/prisma/migrations/20250216014344_added_hotel_draft/migration.sql", "MS SQL", 0, 0, 0, 0, 0, 0, 1, 1, 1, 3
"/home/bibek/Projects/Rapid-Room/server/prisma/migrations/20250226154844_added_admin_schema/migration.sql", "MS SQL", 0, 0, 0, 0, 0, 0, 19, 2, 2, 23
"/home/bibek/Projects/Rapid-Room/server/prisma/migrations/20250227174006_gov_id_and_ph_number_made_bigint/migration.sql", "MS SQL", 0, 0, 0, 0, 0, 0, 2, 1, 1, 4
"/home/bibek/Projects/Rapid-Room/server/prisma/migrations/20250324234244_htl/migration.sql", "MS SQL", 0, 0, 0, 0, 0, 0, 11, 14, 4, 29
"/home/bibek/Projects/Rapid-Room/server/prisma/migrations/20250326231235_n/migration.sql", "MS SQL", 0, 0, 0, 0, 0, 0, 6, 10, 4, 20
"/home/bibek/Projects/Rapid-Room/server/prisma/migrations/20250329233330_addreviewandrtingtotal/migration.sql", "MS SQL", 0, 0, 0, 0, 0, 0, 2, 1, 1, 4
"/home/bibek/Projects/Rapid-Room/server/prisma/migrations/20250331010320_init/migration.sql", "MS SQL", 0, 0, 0, 0, 0, 0, 5, 8, 5, 18
"/home/bibek/Projects/Rapid-Room/server/prisma/migrations/20250401072823_update_hotel_types/migration.sql", "MS SQL", 0, 0, 0, 0, 0, 0, 10, 8, 2, 20
"/home/bibek/Projects/Rapid-Room/server/prisma/migrations/20250401073451_update_hotel_amenities/migration.sql", "MS SQL", 0, 0, 0, 0, 0, 0, 23, 16, 1, 40
"/home/bibek/Projects/Rapid-Room/server/prisma/migrations/20250405083210_ptm/migration.sql", "MS SQL", 0, 0, 0, 0, 0, 0, 3, 9, 3, 15
"/home/bibek/Projects/Rapid-Room/server/prisma/migrations/20250409041414_opt/migration.sql", "MS SQL", 0, 0, 0, 0, 0, 0, 9, 6, 6, 21
"/home/bibek/Projects/Rapid-Room/server/prisma/migrations/20250411043450_add_wishlist_unique_constraint/migration.sql", "MS SQL", 0, 0, 0, 0, 0, 0, 1, 7, 1, 9
"/home/bibek/Projects/Rapid-Room/server/prisma/migrations/20250413184428_kya/migration.sql", "MS SQL", 0, 0, 0, 0, 0, 0, 1, 1, 1, 3
"/home/bibek/Projects/Rapid-Room/server/prisma/schema.prisma", "Prisma", 0, 0, 0, 0, 0, 202, 0, 7, 24, 233
"/home/bibek/Projects/Rapid-Room/server/src/app.ts", "TypeScript", 0, 67, 0, 0, 0, 0, 0, 11, 19, 97
"/home/bibek/Projects/Rapid-Room/server/src/config/passport.ts", "TypeScript", 0, 113, 0, 0, 0, 0, 0, 1, 10, 124
"/home/bibek/Projects/Rapid-Room/server/src/controller/addNewHotel.controller.ts", "TypeScript", 0, 167, 0, 0, 0, 0, 0, 19, 11, 197
"/home/bibek/Projects/Rapid-Room/server/src/controller/addNewReview.controller.ts", "TypeScript", 0, 106, 0, 0, 0, 0, 0, 6, 10, 122
"/home/bibek/Projects/Rapid-Room/server/src/controller/addWishlist.controller.ts", "TypeScript", 0, 27, 0, 0, 0, 0, 0, 0, 4, 31
"/home/bibek/Projects/Rapid-Room/server/src/controller/admin_approveHost.ts", "TypeScript", 0, 55, 0, 0, 0, 0, 0, 2, 9, 66
"/home/bibek/Projects/Rapid-Room/server/src/controller/admin_approveHotel.ts", "TypeScript", 0, 60, 0, 0, 0, 0, 0, 2, 8, 70
"/home/bibek/Projects/Rapid-Room/server/src/controller/admin_getAllHosts.ts", "TypeScript", 0, 89, 0, 0, 0, 0, 0, 6, 10, 105
"/home/bibek/Projects/Rapid-Room/server/src/controller/admin_getAllHotels.ts", "TypeScript", 0, 71, 0, 0, 0, 0, 0, 1, 5, 77
"/home/bibek/Projects/Rapid-Room/server/src/controller/admin_getAllPayments.ts", "TypeScript", 0, 77, 0, 0, 0, 0, 0, 2, 8, 87
"/home/bibek/Projects/Rapid-Room/server/src/controller/admin_getAllUsers.ts", "TypeScript", 0, 64, 0, 0, 0, 0, 0, 3, 9, 76
"/home/bibek/Projects/Rapid-Room/server/src/controller/admin_getAnalysis.ts", "TypeScript", 0, 121, 0, 0, 0, 0, 0, 3, 15, 139
"/home/bibek/Projects/Rapid-Room/server/src/controller/admin_paymentDashboard.ts", "TypeScript", 0, 66, 0, 0, 0, 0, 0, 2, 8, 76
"/home/bibek/Projects/Rapid-Room/server/src/controller/admin_rejectHost.ts", "TypeScript", 0, 59, 0, 0, 0, 0, 0, 7, 8, 74
"/home/bibek/Projects/Rapid-Room/server/src/controller/admin_rejectHotels.ts", "TypeScript", 0, 64, 0, 0, 0, 0, 0, 2, 8, 74
"/home/bibek/Projects/Rapid-Room/server/src/controller/cancelReservatin.controller.ts", "TypeScript", 0, 94, 0, 0, 0, 0, 0, 15, 11, 120
"/home/bibek/Projects/Rapid-Room/server/src/controller/createAdmin.controller.ts", "TypeScript", 0, 65, 0, 0, 0, 0, 0, 0, 5, 70
"/home/bibek/Projects/Rapid-Room/server/src/controller/createReview.controller.ts", "TypeScript", 0, 71, 0, 0, 0, 0, 0, 2, 5, 78
"/home/bibek/Projects/Rapid-Room/server/src/controller/deleteHotel.controller.ts", "TypeScript", 0, 47, 0, 0, 0, 0, 0, 0, 5, 52
"/home/bibek/Projects/Rapid-Room/server/src/controller/deleteImage.controller.ts", "TypeScript", 0, 63, 0, 0, 0, 0, 0, 4, 7, 74
"/home/bibek/Projects/Rapid-Room/server/src/controller/deleteReview.controller.ts", "TypeScript", 0, 85, 0, 0, 0, 0, 0, 7, 11, 103
"/home/bibek/Projects/Rapid-Room/server/src/controller/deleteUser.controller.ts", "TypeScript", 0, 53, 0, 0, 0, 0, 0, 1, 9, 63
"/home/bibek/Projects/Rapid-Room/server/src/controller/editReview.controller.ts", "TypeScript", 0, 34, 0, 0, 0, 0, 0, 0, 6, 40
"/home/bibek/Projects/Rapid-Room/server/src/controller/editUser.controller.ts", "TypeScript", 0, 142, 0, 0, 0, 0, 0, 5, 12, 159
"/home/bibek/Projects/Rapid-Room/server/src/controller/getAllHotels.controller.ts", "TypeScript", 0, 64, 0, 0, 0, 0, 0, 0, 5, 69
"/home/bibek/Projects/Rapid-Room/server/src/controller/getHostAllReservations.controller.ts", "TypeScript", 0, 63, 0, 0, 0, 0, 0, 1, 8, 72
"/home/bibek/Projects/Rapid-Room/server/src/controller/getHostEarnings.controller.ts", "TypeScript", 0, 80, 0, 0, 0, 0, 0, 0, 9, 89
"/home/bibek/Projects/Rapid-Room/server/src/controller/getHostHotels.controller.ts", "TypeScript", 0, 79, 0, 0, 0, 0, 0, 2, 6, 87
"/home/bibek/Projects/Rapid-Room/server/src/controller/getHostStats.controller.ts", "TypeScript", 0, 109, 0, 0, 0, 0, 0, 0, 14, 123
"/home/bibek/Projects/Rapid-Room/server/src/controller/getHostTodayCheckin.controller.ts", "TypeScript", 0, 130, 0, 0, 0, 0, 0, 3, 8, 141
"/home/bibek/Projects/Rapid-Room/server/src/controller/getHotelById.controller.ts", "TypeScript", 0, 155, 0, 0, 0, 0, 0, 1, 7, 163
"/home/bibek/Projects/Rapid-Room/server/src/controller/getMyBookings.controller.ts", "TypeScript", 0, 106, 0, 0, 0, 0, 0, 0, 1, 107
"/home/bibek/Projects/Rapid-Room/server/src/controller/getOveralRating.controller.ts", "TypeScript", 0, 140, 0, 0, 0, 0, 0, 5, 12, 157
"/home/bibek/Projects/Rapid-Room/server/src/controller/getRazorpayKey.controller.ts", "TypeScript", 0, 9, 0, 0, 0, 0, 0, 0, 0, 9
"/home/bibek/Projects/Rapid-Room/server/src/controller/getReview.controller.ts", "TypeScript", 0, 109, 0, 0, 0, 0, 0, 2, 8, 119
"/home/bibek/Projects/Rapid-Room/server/src/controller/getUserInformation.controller.ts", "TypeScript", 0, 85, 0, 0, 0, 0, 0, 1, 5, 91
"/home/bibek/Projects/Rapid-Room/server/src/controller/getWishlists.controller.ts", "TypeScript", 0, 57, 0, 0, 0, 0, 0, 0, 3, 60
"/home/bibek/Projects/Rapid-Room/server/src/controller/healthCheck.controller.ts", "TypeScript", 0, 30, 0, 0, 0, 0, 0, 0, 2, 32
"/home/bibek/Projects/Rapid-Room/server/src/controller/payment.controller.ts", "TypeScript", 0, 36, 0, 0, 0, 0, 0, 0, 6, 42
"/home/bibek/Projects/Rapid-Room/server/src/controller/paymentVerification.controller.ts", "TypeScript", 0, 85, 0, 0, 0, 0, 0, 11, 13, 109
"/home/bibek/Projects/Rapid-Room/server/src/controller/publishHotel.controller.ts", "TypeScript", 0, 69, 0, 0, 0, 0, 0, 0, 5, 74
"/home/bibek/Projects/Rapid-Room/server/src/controller/removeWishlist.controller.ts", "TypeScript", 0, 26, 0, 0, 0, 0, 0, 0, 3, 29
"/home/bibek/Projects/Rapid-Room/server/src/controller/reserveHotel.controller.ts", "TypeScript", 0, 224, 0, 0, 0, 0, 0, 36, 21, 281
"/home/bibek/Projects/Rapid-Room/server/src/controller/sendOtp.controller.ts", "TypeScript", 0, 84, 0, 0, 0, 0, 0, 9, 17, 110
"/home/bibek/Projects/Rapid-Room/server/src/controller/setHostReservationpaymentStatusRefunded.controller.ts", "TypeScript", 0, 69, 0, 0, 0, 0, 0, 4, 12, 85
"/home/bibek/Projects/Rapid-Room/server/src/controller/socialAuth.controller.ts", "TypeScript", 0, 18, 0, 0, 0, 0, 0, 0, 2, 20
"/home/bibek/Projects/Rapid-Room/server/src/controller/updatePassword.controller.ts", "TypeScript", 0, 124, 0, 0, 0, 0, 0, 9, 12, 145
"/home/bibek/Projects/Rapid-Room/server/src/controller/uploadImage.controller.ts", "TypeScript", 0, 88, 0, 0, 0, 0, 0, 6, 11, 105
"/home/bibek/Projects/Rapid-Room/server/src/controller/userLogin.controller.ts", "TypeScript", 0, 96, 0, 0, 0, 0, 0, 2, 10, 108
"/home/bibek/Projects/Rapid-Room/server/src/controller/userLogout.controller.ts", "TypeScript", 0, 13, 0, 0, 0, 0, 0, 1, 3, 17
"/home/bibek/Projects/Rapid-Room/server/src/controller/userSignup.controller.ts", "TypeScript", 0, 101, 0, 0, 0, 0, 0, 10, 13, 124
"/home/bibek/Projects/Rapid-Room/server/src/controller/verifyEmail.controller.ts", "TypeScript", 0, 120, 0, 0, 0, 0, 0, 7, 9, 136
"/home/bibek/Projects/Rapid-Room/server/src/db/db.config.ts", "TypeScript", 0, 4, 0, 0, 0, 0, 0, 1, 3, 8
"/home/bibek/Projects/Rapid-Room/server/src/helper/SendEmail.helper.ts", "TypeScript", 0, 15, 0, 0, 0, 0, 0, 0, 4, 19
"/home/bibek/Projects/Rapid-Room/server/src/index.ts", "TypeScript", 0, 7, 0, 0, 0, 0, 0, 0, 3, 10
"/home/bibek/Projects/Rapid-Room/server/src/middleware/auth.middleware.ts", "TypeScript", 0, 89, 0, 0, 0, 0, 0, 1, 10, 100
"/home/bibek/Projects/Rapid-Room/server/src/middleware/isAdmin.middleware.ts", "TypeScript", 0, 22, 0, 0, 0, 0, 0, 0, 2, 24
"/home/bibek/Projects/Rapid-Room/server/src/middleware/multer.ts", "TypeScript", 0, 12, 0, 0, 0, 0, 0, 1, 3, 16
"/home/bibek/Projects/Rapid-Room/server/src/routes/HostDashboard.routes.ts", "TypeScript", 0, 17, 0, 0, 0, 0, 0, 0, 4, 21
"/home/bibek/Projects/Rapid-Room/server/src/routes/Hotels.routes.ts", "TypeScript", 0, 25, 0, 0, 0, 0, 0, 0, 4, 29
"/home/bibek/Projects/Rapid-Room/server/src/routes/admin.routes.ts", "TypeScript", 0, 23, 0, 0, 0, 0, 0, 2, 9, 34
"/home/bibek/Projects/Rapid-Room/server/src/routes/emailVerification.route.ts", "TypeScript", 0, 6, 0, 0, 0, 0, 0, 0, 1, 7
"/home/bibek/Projects/Rapid-Room/server/src/routes/healthCheck.routes.ts", "TypeScript", 0, 5, 0, 0, 0, 0, 0, 0, 3, 8
"/home/bibek/Projects/Rapid-Room/server/src/routes/payment.routes.ts", "TypeScript", 0, 8, 0, 0, 0, 0, 0, 0, 3, 11
"/home/bibek/Projects/Rapid-Room/server/src/routes/razorpay.routes.ts", "TypeScript", 0, 5, 0, 0, 0, 0, 0, 0, 3, 8
"/home/bibek/Projects/Rapid-Room/server/src/routes/review.routes.ts", "TypeScript", 0, 14, 0, 0, 0, 0, 0, 0, 4, 18
"/home/bibek/Projects/Rapid-Room/server/src/routes/socialAuth.routes.ts", "TypeScript", 0, 9, 0, 0, 0, 0, 0, 0, 4, 13
"/home/bibek/Projects/Rapid-Room/server/src/routes/upload.routes.ts", "TypeScript", 0, 8, 0, 0, 0, 0, 0, 0, 4, 12
"/home/bibek/Projects/Rapid-Room/server/src/routes/user.routes.ts", "TypeScript", 0, 35, 0, 0, 0, 0, 0, 1, 12, 48
"/home/bibek/Projects/Rapid-Room/server/src/routes/wishlist.routes.ts", "TypeScript", 0, 10, 0, 0, 0, 0, 0, 0, 4, 14
"/home/bibek/Projects/Rapid-Room/server/src/utils/ApiError.ts", "TypeScript", 0, 20, 0, 0, 0, 0, 0, 0, 1, 21
"/home/bibek/Projects/Rapid-Room/server/src/utils/ApiResponse.ts", "TypeScript", 0, 22, 0, 0, 0, 0, 0, 0, 2, 24
"/home/bibek/Projects/Rapid-Room/server/src/utils/Logger.ts", "TypeScript", 0, 19, 0, 0, 0, 0, 0, 2, 4, 25
"/home/bibek/Projects/Rapid-Room/server/src/utils/NodemailerSetup.ts", "TypeScript", 0, 11, 0, 0, 0, 0, 0, 0, 2, 13
"/home/bibek/Projects/Rapid-Room/server/src/utils/cloudinaryImageHandel.ts", "TypeScript", 0, 42, 0, 0, 0, 0, 0, 0, 6, 48
"/home/bibek/Projects/Rapid-Room/server/tsconfig.json", "JSON with Comments", 0, 0, 0, 0, 14, 0, 0, 89, 9, 112
"/home/bibek/Projects/Rapid-Room/server/tsconfig.tsbuildinfo", "JSON", 1, 0, 0, 0, 0, 0, 0, 0, 0, 1
"Total", "-", 3698, 4819, 3543, 3, 14, 202, 289, 748, 838, 14154